{
    "large_pretrained_model": {
        "model_name": "EleutherAI/pythia-1.4b",
        "avg_eval_loss": 2.3054211520686856,
        "rouge1": 0.6852495719531029,
        "rouge2": 0.32121615046206037,
        "rougeL": 0.5039188775358737,
        "rougeLsum": 0.6370632595772457,
        "exact_match": 0.0
    },
    "grown_finetuned_model_small_large_diff": {
        "model_name": "models/pythia_410m_r=8_0.0001_gsm8k",
        "avg_eval_loss": 11.418987498156383,
        "rouge1": 0.0006967516686903386,
        "rouge2": 0.0,
        "rougeL": 0.000709832735931929,
        "rougeLsum": 0.0007009332877617475,
        "exact_match": 0.0
    },
    "large_finetuned_model": {
        "model_name": "models/pythia_1.4b_r=8_0.0001_gsm8k",
        "avg_eval_loss": 1.3932632484967138,
        "rouge1": 0.7428407643253203,
        "rouge2": 0.426050143201419,
        "rougeL": 0.5992313181560145,
        "rougeLsum": 0.7013052137829683,
        "exact_match": 0.0
    }
}