{
    "large_pretrained_model": {
        "model_name": "EleutherAI/pythia-1.4b",
        "avg_eval_loss": 2.3054211520686856,
        "rouge1": 0.6852409837680549,
        "rouge2": 0.32132385086669324,
        "rougeL": 0.5038063764740318,
        "rougeLsum": 0.637295789467653,
        "exact_match": 0.0
    },
    "large_pretrained_model_with_grown_diff": {
        "model_name": "EleutherAI/pythia-1.4b",
        "avg_eval_loss": 11.281368029319633,
        "rouge1": 0.04439207560973345,
        "rouge2": 0.00020385874108305057,
        "rougeL": 0.03552067868280195,
        "rougeLsum": 0.0435127107390257,
        "exact_match": 0.0
    },
    "large_finetuned_model": {
        "model_name": "models/pythia_1.4b_r=8_0.0001_gsm8k",
        "avg_eval_loss": 1.3932632484967138,
        "rouge1": 0.7428863320881147,
        "rouge2": 0.42618550884610984,
        "rougeL": 0.5991525485234912,
        "rougeLsum": 0.7014805841677432,
        "exact_match": 0.0
    }
}